{
    "baseline": [
        1.0096540060043335,
        1.002683999300003,
        0.9816891436576843
    ],
    "hybrid": [
        0.28495454543828963,
        0.13318197470903398,
        0.10896701741218567
    ],
    "curriculum": [
        1.218981385231018,
        0.094422164212269
    ],
    "accuracy": 0.515
}