Model,cot,fewshot,zeroshot
llama31,0.401413982717989,0.6040848389630793,0.6095836606441477
mistral7b,0.3927729772191673,0.49410840534171246,0.5153181461115475
qwen2_7b,0.3644933228593873,0.49332285938727416,0.5168892380204242
