Model,zeroshot,cot,fewshot
llama31,0.6103692065985861,0.40377062058130403,0.6048703849175177
mistral7b,0.5153181461115475,0.3927729772191673,0.49410840534171246
qwen2_7b,0.5168892380204242,0.3644933228593873,0.49332285938727416
