model,zeroshot,cot,fewshot
llama31,0.5860172820109977,0.6135113904163394,0.5137470542026709
mistral7b,,,
qwen2_7b,,,
